NO2 Mean,O3 Mean,SO2 Mean,CO Mean,SO2_Mean_Imputed,CO_Mean_Imputed,NO2_to_SO2,CO_to_SO2,O3_to_CO,NO2 Mean_roll_3,O3 Mean_roll_3,SO2 Mean_roll_3,CO Mean_roll_3,year,month,is_weekend
14.363502971184062,17.799726016810133,1.1440914600706171,0.43842586280946394,1.1440914600706171,0.43842586280946394,12.554505887403003,0.3832087539421043,40.599169726777134,14.363502971184062,17.799726016810133,1.1440914600706171,0.43842586280946394,2012,3,0
28.767857660247905,12.904180608409973,7.78936896513396,0.5955149158473991,7.78936896513396,0.5955149158473991,3.6932205662635678,0.07645226699530949,21.66894609188374,28.767857660247905,12.904180608409973,7.78936896513396,0.5955149158473991,2016,12,0
23.299848545285126,53.308807288746756,6.827098485602952,0.8821833611219092,6.827098485602952,0.8821833611219092,3.4128478729902696,0.12921790464606092,60.42826201227796,23.299848545285126,53.308807288746756,6.827098485602952,0.8821833611219092,2011,7,0
19.966462104925917,40.05575058716044,2.486373774747933,0.7615285242347505,2.486373774747933,0.7615285242347505,8.030354208087681,0.30628079010845977,52.59914673243778,19.966462104925917,40.05575058716044,2.486373774747933,0.7615285242347505,2013,4,0
8.900466011060914,45.40362888980228,2.272774770449704,0.5785978822574545,2.272774770449704,0.5785978822574545,3.916123201816349,0.25457774777347153,78.47182003614621,8.900466011060914,45.40362888980228,2.272774770449704,0.5785978822574545,2013,9,0
